station_code,waterbody_code,station_name,station_type,latitude_clean,longitude_clean,altered
ST001,WB001,Main station,main,46.91166667,-84.35972222,FALSE
ST002,WB002,Main station,main,47.25194444,-83.86722222,FALSE
ST003,WB003,Main station,main,46.88444444,-84.05305556,FALSE
ST004,WB004,Main station,main,47.201335,-84.418878,FALSE
ST005,WB005,Main station,main,46.68386111,-84.11925,TRUE
ST006,WB006,Main station,main,45.32269722,-79.93749722,FALSE
ST007,WB007,Main station,main,46.98838889,-83.77569444,FALSE
ST008,WB008,Main station,main,45.392024,-79.667788,FALSE
ST009,WB009,Main station,main,46.96666667,-83.80166667,FALSE
ST010,WB010,Main statoin,main,46.876525,-84.30699167,FALSE
ST011,WB011,Main station,main,46.85413889,-83.78675,FALSE
ST012,WB012,Main station,main,46.82547222,-83.83386111,FALSE
ST013,WB013,Main station,main,46.78744167,-83.89217222,FALSE
ST014,WB014,Main station,main,47.17002778,-84.54972222,FALSE
ST015,WB015,Main station,main,47.222734,-83.943471,FALSE
ST016,WB016,Main station,main,46.925798,-84.050554,FALSE
ST017,WB017,Main station,main,46.73070833,-81.00505556,FALSE
ST018,WB018,Main station,main,45.52016667,-80.20120556,FALSE
ST019,WB019,Main station,main,45.56053333,-80.26089167,FALSE
ST020,WB020,Main station,main,46.81875,-84.37963889,FALSE
ST021,WB021,Main station,main,46.91194444,-84.275,FALSE
ST022,WB022,Main station,main,46.92733333,-84.22830556,FALSE
ST023,WB023,Main station,main,46.88333333,-84.20033333,FALSE
ST024,WB024,Main station,main,46.86458333,-84.18772222,FALSE
ST025,WB025,Main station,main,46.967718,-84.045343,FALSE
ST026,WB026,Main station,main,46.950888,-84.003376,FALSE
ST027,WB027,Main station,main,46.931355,-84.050711,FALSE
ST028,WB028,Main station,main,46.871072,-84.132323,FALSE
ST029,WB029,Main station,main,46.83611111,-84.14888889,FALSE
ST030,WB030,Main station,main,47.124578,-84.278211,FALSE
ST031,WB031,Main station,main,47.135599,-84.264509,FALSE
ST032,WB032,Main station,main,47.154602,-84.218738,FALSE
ST033,WB033,Main station,main,47.07441667,-84.64988889,FALSE
ST034,WB034,Main station,main,47.185153,-84.263649,FALSE
ST035,WB035,Main station,main,47.09916667,-84.24163889,FALSE
ST036,WB036,Main station,main,46.94047222,-83.56388889,FALSE
ST037,WB037,Main station,main,46.98633333,-83.56369444,FALSE
ST038,WB038,Main station,main,47.046907,-83.603213,FALSE
ST039,WB039,Main station,main,47.13333333,-83.63333333,FALSE
ST040,WB040,Main station,main,47.01861111,-83.72597222,FALSE
ST041,WB041,Main station,main,47.052155,-83.782402,FALSE
ST042,WB042,Main station,main,47.063047,-83.821833,FALSE
ST043,WB043,Main station,main,47.130465,-83.766386,FALSE
ST044,WB044,Main station,main,46.6325,-84.01958333,FALSE
ST045,WB045,Main station,main,46.60952778,-84.04713889,FALSE
ST046,WB046,Main station,main,46.623651,-84.085215,FALSE
ST047,WB047,Main station,main,46.614948,-83.869364,FALSE
ST048,WB048,Main station,main,47.22211111,-84.52877778,FALSE
ST049,WB049,Main station,main,46.63616667,-84.27041667,FALSE
ST050,WB050,Main station,main,46.69716667,-84.17508333,FALSE
ST051,WB051,Main station,main,46.66397222,-84.02805556,FALSE
ST052,WB052,Main station,main,46.733451,-83.964359,TRUE
ST053,WB053,Main station,main,46.863082,-83.87201,FALSE
ST054,WB054,Main station,main,47.01238889,-84.17541667,FALSE
ST055,WB055,Main station,main,47.07233333,-84.08777778,FALSE
ST056,WB056,Main station,main,47.11855556,-84.08261111,FALSE
ST057,WB057,Main station,main,47.18606,-84.054383,FALSE
ST058,WB058,Main station,main,47.140965,-83.870963,FALSE
ST059,WB059,Main station,main,47.05431,-83.931662,FALSE
ST060,WB060,Main station,main,47.098712,-83.922682,FALSE
ST061,WB061,Main station,main,46.80333333,-83.76644444,FALSE
ST062,WB062,Main station,main,46.81166667,-83.76305556,FALSE
ST063,WB063,Main station,main,47.02738889,-84.34319444,FALSE
ST064,WB064,Main station,main,46.96486111,-83.67305556,FALSE
ST065,WB065,Center Buoy/Water chem site B,main,47.043396,-84.408613,FALSE
ST066,WB065,Water chem site A,additional,47.25194444,-83.86722222,FALSE
ST067,WB065,Water chem site C,additional,47.041501,-84.409174,FALSE
ST068,WB066,Center Buoy/Water chem site B,main,47.06338,-84.390411,FALSE
ST069,WB066,Water chem site C,additional,47.062728,-84.388918,FALSE
ST070,WB066,Water chem site A,additional,47.064197,-84.392044,FALSE
ST071,WB067,Main station,main,46.73211111,-84.21,FALSE
ST072,WB068,Main station,main,46.5395,-82.72766,FALSE
ST073,WB069,Main station,main,46.605983,-83.971284,FALSE
ST074,WB070,Main station,main,46.77744444,-84.23988889,FALSE
ST075,WB071,Main station,main,47.25238,-83.792889,FALSE
ST076,WB072,Main station,main,48.407694,-84.35271,FALSE
ST077,WB073,Main station,main,46.56171944,-84.55355556,FALSE
ST078,WB074,Main station,main,47.16333333,-84.61711111,FALSE
ST079,WB075,Center Buoy/Water chem site B,main,46.73133333,-84.22058333,FALSE
ST080,WB075,Water chem site A,additional,46.730039,-84.22286,FALSE
ST081,WB075,Water chem site C,additional,46.731395,-84.222902,FALSE
ST082,WB076,Main station,main,45.52832222,-80.20315278,FALSE
ST083,WB077,Main station,main,46.712934,-83.966611,FALSE
ST084,WB078,Main station,main,46.77257778,-84.25265833,FALSE
ST085,WB079,Main station,main,46.59998333,-83.76665833,FALSE
ST086,WB080,Main station,main,47.07807778,-83.62228611,FALSE
ST087,WB081,Main station,main,46.81430556,-84.36522222,FALSE
ST088,WB082,Main station,main,47.03311111,-84.37641667,FALSE
ST089,WB083,Main station,main,47.17305556,-84.47194444,FALSE
ST090,WB084,Center Buoy,main,47.048369,-84.421142,FALSE
ST091,WB085,Center Buoy/Water chem site B,main,47.066412,-84.394125,FALSE
ST092,WB085,Water chem site C,additional,47.065874,-84.39364,FALSE
ST093,WB085,Water chem site A,additional,47.067218,-84.395036,FALSE
ST094,WB086,Main station,main,47.05194444,-84.60377778,FALSE
ST095,WB087,Buoy/Water chem site B,main,47.049274,-84.399988,FALSE
ST096,WB087,Water chem site C,additional,47.047952,-84.394833,FALSE
ST097,WB087,Water chem site A,additional,47.050943,-84.401391,FALSE
