waterbody_code,waterbody_name_clean,altered
WB001,Begley Lake,FALSE
WB002,Bliss Lake,FALSE
WB003,Brook Lake,FALSE
WB004,Butter Lake,FALSE
WB005,Clearwater Lake,FALSE
WB006,Cochrane Lake,FALSE
WB007,Dat Lake,FALSE
WB008,Day Lake,FALSE
WB009,Dis Lake,FALSE
WB010,Government Lake,FALSE
WB011,HT01,FALSE
WB012,HT05,FALSE
WB013,HT07,FALSE
WB014,Huff Lake,FALSE
WB015,Irene Lake,FALSE
WB016,Jimbob Lake,FALSE
WB017,Joe Lake,FALSE
WB018,K7 Lake,FALSE
WB019,Lady Lake,FALSE
WB020,Lake JR01,FALSE
WB021,Lake JR02,FALSE
WB022,Lake JR03,FALSE
WB023,Lake JR04,FALSE
WB024,Lake JR05,FALSE
WB025,Lake JR06,FALSE
WB026,Lake JR07,FALSE
WB027,Lake JR08,FALSE
WB028,Lake JR09,FALSE
WB029,Lake JR10,FALSE
WB030,Lake JR11,FALSE
WB031,Lake JR12,FALSE
WB032,Lake JR13,FALSE
WB033,Lake JR16,FALSE
WB034,Lake JR17,FALSE
WB035,Lake JR18,FALSE
WB036,Lake JR19,FALSE
WB037,Lake JR20,FALSE
WB038,Lake JR21,FALSE
WB039,Lake JR22,FALSE
WB040,Lake JR24,FALSE
WB041,Lake JR25,FALSE
WB042,Lake JR26,FALSE
WB043,Lake JR27,FALSE
WB044,Lake JR28,FALSE
WB045,Lake JR29,FALSE
WB046,Lake JR30,FALSE
WB047,Lake JR32,FALSE
WB048,Lake JR33,FALSE
WB049,Lake JR34,FALSE
WB050,Lake JR35,FALSE
WB051,Lake JR36,FALSE
WB052,Lake JR37,FALSE
WB053,Lake JR38,FALSE
WB054,Lake JR39,FALSE
WB055,Lake JR40,FALSE
WB056,Lake JR41,FALSE
WB057,Lake JR42,FALSE
WB058,Lake JR43,FALSE
WB059,Lake JR44,FALSE
WB060,Lake JR45,FALSE
WB061,Lake RL02,FALSE
WB062,Lake RL03,FALSE
WB063,Little Drew Lake,FALSE
WB064,Little Sand Lake,FALSE
WB065,Little Turkey Lake,FALSE
WB066,Lower Batchawana Lake,FALSE
WB067,Maple Lake,FALSE
WB068,Minnow Lake,FALSE
WB069,Moon Lake,FALSE
WB070,Mystery Lake,FALSE
WB071,North Emerson Lake,FALSE
WB072,Olsen Lake,FALSE
WB073,Prince Lake,FALSE
WB074,Queminico Lake,FALSE
WB075,Quinn Lake,TRUE
WB076,Raven Lake,FALSE
WB077,Roussain Lake,FALSE
WB078,Sill Lake,FALSE
WB079,Smith Lake,FALSE
WB080,South Teal Lake,FALSE
WB081,Tier Lake,FALSE
WB082,Tilley Lakes Headwaters,FALSE
WB083,Trim Lake,FALSE
WB084,Turkey Lake,FALSE
WB085,Upper Batchawana Lake,FALSE
WB086,Upper Smith Lake,FALSE
WB087,Wishart Lake,FALSE
