waterbody_code,waterbody_name
WB001,Begley Lake
WB002,Bliss Lake
WB003,Brook Lake
WB004,Butter Lake
WB005,Clearwater Lake
WB006,Cochrane Lake
WB007,Dat Lake
WB008,Day Lake
WB009,Dis Lake
WB010,Government Lake
WB011,HT01
WB012,HT05
WB013,HT07
WB014,Huff Lake
WB015,Irene Lake
WB016,Jimbob Lake
WB017,Joe Lake
WB018,K7 Lake
WB019,Lady Lake
WB020,Lake JR01
WB021,Lake JR02
WB022,Lake JR03
WB023,Lake JR04
WB024,Lake JR05
WB025,Lake JR06
WB026,Lake JR07
WB027,Lake JR08
WB028,Lake JR09
WB029,Lake JR10
WB030,Lake JR11
WB031,Lake JR12
WB032,Lake JR13
WB033,Lake JR16
WB034,Lake JR17
WB035,Lake JR18
WB036,Lake JR19
WB037,Lake JR20
WB038,Lake JR21
WB039,Lake JR22
WB040,Lake JR24
WB041,Lake JR25
WB042,Lake JR26
WB043,Lake JR27
WB044,Lake JR28
WB045,Lake JR29
WB046,Lake JR30
WB047,Lake JR32
WB048,Lake JR33
WB049,Lake JR34
WB050,Lake JR35
WB051,Lake JR36
WB052,Lake JR37
WB053,Lake JR38
WB054,Lake JR39
WB055,Lake JR40
WB056,Lake JR41
WB057,Lake JR42
WB058,Lake JR43
WB059,Lake JR44
WB060,Lake JR45
WB061,Lake RL02
WB062,Lake RL03
WB063,Little Drew Lake
WB064,Little Sand Lake
WB065,Little Turkey Lake
WB066,Lower Batchawana Lake 
WB067,Maple Lake
WB068,Minnow Lake
WB069,Moon Lake
WB070,Mystery Lake
WB071,North Emerson Lake
WB072,Olsen Lake
WB073,Prince Lake
WB074,Queminico Lake
WB075,quinn lake
WB076,Raven Lake
WB077,Roussain Lake
WB078,Sill Lake
WB079,Smith Lake
WB080,South Teal Lake
WB081,Tier Lake
WB082,Tilley Lakes Headwaters
WB083,Trim Lake
WB084,Turkey Lake
WB085,Upper Batchawana Lake
WB086,Upper Smith Lake
WB087,Wishart Lake
